id,score
001519c8,3.5
0022f953,3.5
0042269b,6.0
0059420b,2.0
0075873a,4.0
0081af50,2.0
0093f095,4.5
009e23ab,4.0
00e048f1,3.5
00e1f05a,4.5
00e713bd,4.5
00f0737e,2.5
00f8e84c,4.5
00fc9a6a,3.5
0144e4d5,2.5
014e7ae9,5.0
015aa732,5.0
0178a105,3.0
0182aa1c,4.0
0190ff4c,4.0
01963e20,4.5
019737b6,3.5
01992d32,4.0
01c359fc,3.5
01d0ba4b,1.5
01d602a7,4.5
0249a095,5.0
0262bf61,4.5
026be946,5.0
0294b4f5,2.5
02a41d1a,3.0
02cf6a52,3.5
02d3c9fc,4.0
02e86b6a,4.0
031c0c58,4.0
034d61db,4.5
035f09fc,3.5
036cfd42,4.5
0395b217,5.5
03971ddf,4.5
040c429b,5.0
0417d421,3.0
0432f117,4.0
0445b534,3.5
044b274d,6.0
044c5c54,1.0
048fd254,4.0
04b88b3e,4.0
04c5f885,3.0
04e37b6b,3.0
04e63aec,4.0
04f83ccb,5.0
052a7811,3.5
052b25e1,5.0
052cf3a6,2.5
053be4e5,3.0
05624ab0,3.5
056c41fc,2.5
05b35fa0,3.5
05f425a4,3.5
05f8ca37,3.0
06336d82,6.0
064a82e9,4.5
0657fcde,4.5
0666fb4e,4.5
069d668b,4.0
06cba5d7,3.5
06e59db8,6.0
06f33221,4.5
073b3535,4.0
075f92a5,4.5
077ee03e,4.0
078a6196,4.5
07bb2245,3.5
07bb7765,3.5
07c36ae1,3.5
07e41499,3.5
07f3409c,4.5
081d84f4,4.0
08276ea7,3.0
08288a1f,4.0
08390d49,4.0
088efb89,4.0
08dbdc95,5.5
08e3c7ae,1.0
08e82426,4.5
08eb331a,2.5
08ed1a7f,4.0
08f461ac,5.0
08f9b53a,5.0
0916cdad,3.5
09429577,4.0
0949205b,3.0
098c4b58,4.0
098f7878,5.0
09a67581,4.5
09bf7971,5.0
09ea6d33,2.0
09eb3ce5,3.0
0a1be27b,2.5
0a21bbd6,4.5
0a248634,4.5
0a31d60e,5.0
0a4e3aec,3.5
0a4eae7a,1.5
0a59a757,4.5
0a98043e,4.0
0ad15907,3.5
0ad30c56,4.5
0b7d9563,2.5
0bcf7a38,4.0
0bdda3d0,4.0
0be614b2,5.0
0c0f5e03,3.0
0c13191d,3.0
0c3c0e97,3.0
0c63312a,4.0
0c683abf,4.0
0c6ae36d,2.0
0c6dc776,4.5
0c81d872,3.0
0c97760e,4.5
0ca05fe3,1.5
0cb03a4b,3.0
0cbb4d8a,4.5
0cdbef4c,4.0
0cdd67f7,4.0
0cf8f260,3.0
0d0f5c6a,4.5
0d341ad9,2.5
0d71be2a,4.5
0d9a48c8,5.0
0d9d8d5c,3.0
0e1ed32d,4.0
0e45ff80,2.5
0e47a081,4.0
0e6b2690,3.0
0e7d541e,4.0
0e8c5c2d,5.5
0e8ff5f0,5.0
0e92a174,4.0
0e92f6e6,4.5
0e94f89a,4.0
0eb6deb6,1.5
0ef51d77,5.5
0efdfcb9,4.5
0f2b0127,3.5
0f2d2bc2,4.5
0f53e40a,5.5
0f825609,3.0
0f99d42f,5.0
0fa3f386,4.5
10001c3f,5.5
1031137e,5.5
104e2177,3.5
10894203,4.0
10967045,3.5
10986aaa,3.5
10989e65,4.5
10a8ffbc,1.5
10d00394,4.5
10eafbce,4.0
1102ab6c,4.5
110982e4,3.5
11612565,2.0
1165aac7,2.5
118107cc,3.0
1183579c,3.5
11938f53,3.0
11c44718,3.5
1201aaf5,3.5
121b7be1,3.5
12251b80,3.5
12552ba4,4.5
1255ca43,3.5
128d8837,4.0
12a1c58e,4.0
12a29027,4.5
12b11af1,3.5
12c0c19b,4.0
12d2369f,4.0
12e6279b,3.5
12ed90ad,4.0
12f19edb,4.5
12f9bae8,5.5
131a4f5b,1.5
1343a4d2,6.0
1352b297,3.0
1372a95e,4.5
13959265,2.5
139b1633,3.5
13b35572,3.0
13b958a3,4.5
13c12172,2.5
13c8090f,3.0
13e5d669,5.5
13e5fbb5,4.0
14198179,2.5
142ae1e2,4.0
142d6035,4.5
143c8cd1,5.0
143daf03,3.5
14416b1b,2.5
1454c1e7,4.0
14623dee,4.0
1465ed8a,3.0
147f29a6,1.5
148d6ad2,3.5
14a7ef5a,3.0
14ab2307,3.5
14c585a2,5.0
14dcd6c9,2.5
14f96944,4.5
14fee75a,3.5
153aafba,3.5
156afd16,2.0
157ebf8a,3.5
159f332d,4.0
159f6c4b,4.5
15d93e45,3.5
15dde81f,3.0
165315ef,4.0
16542171,4.5
1677c88a,3.5
1686e65a,4.5
1698ffb9,4.0
16c2ea01,4.0
16e8b11f,5.5
1772af76,4.5
177c0f32,3.5
17b23156,4.0
17d3226a,3.5
17dd8cb3,2.0
1811b3dd,1.5
183fdf47,4.5
1849b0dd,5.5
18546086,5.0
186c795b,4.0
1894b127,4.0
18cb3b82,3.5
1908a463,4.5
19312bdb,4.0
196a6369,4.0
1972e933,3.0
1986a3d4,2.0
19950714,4.5
19a76260,3.5
19baa1dd,3.5
19fbc46b,5.5
1a07f6cb,4.0
1a14d0f0,2.0
1a1ca818,5.0
1a2a5718,4.0
1a6a67b1,3.5
1a7861e7,3.0
1a7d6b4f,3.0
1a8cbd7f,5.5
1a926362,3.0
1a97368f,4.5
1a99ca29,4.5
1a9e8903,4.5
1ab08776,2.5
1abc20b4,4.0
1acb2b61,5.0
1acc5907,3.5
1af8f766,4.5
1b170ded,4.0
1b192ac5,2.5
1b1beabd,3.5
1b22c07e,4.5
1b2f3b8b,4.0
1b5a2340,4.0
1b6ef74e,2.0
1b74bce8,5.0
1b83a657,1.5
1b8d8f77,3.5
1b8f6a12,5.5
1b909812,2.0
1ba0622f,5.0
1bc286cd,3.5
1c08fe1a,1.5
1c1f46a8,4.0
1c3f6510,2.5
1c4fcca3,4.0
1c540433,3.0
1c81cb79,4.5
1cc9ea58,5.0
1cd167a4,3.5
1cd86e70,3.5
1d14ba28,3.5
1d199f1e,3.5
1d5c3490,3.0
1d716bff,2.5
1d8cf496,4.0
1db1735e,4.5
1dc5440c,4.5
1df0730e,6.0
1e12f119,3.0
1e2a01f5,4.5
1e7fc25a,3.5
1e882f60,2.5
1e8e8e18,3.0
1ebb9b74,0.5
1f66e7f7,4.0
1fb7a3e6,3.5
1fbb8840,4.0
1fbedb17,2.5
1fbf2800,4.5
203a6602,5.0
20678203,3.5
2081c45e,3.5
2083b2d1,2.0
20ae730b,4.0
20d1a4a0,5.5
20f66977,2.5
20ffdd91,3.0
210aa189,3.0
21170932,3.5
211bf668,1.5
213d79d9,1.0
21434532,4.0
214992f5,1.5
216e0bad,4.5
21707506,4.0
2191981f,3.5
219277f2,4.5
219e5338,3.5
219eeff1,1.5
21bbc3f6,4.0
2203d0fc,3.5
22106b1d,4.0
2222cd90,3.5
2255eafc,2.5
225dcef1,3.5
2277b17f,4.0
227e9aca,3.0
227fc5d4,4.5
228f56af,2.5
2294b205,4.0
22982ff4,3.5
22b5b6db,2.0
22ca4a3d,4.5
22ce0bc8,5.0
22d9276d,4.5
23022dee,2.5
230b73d3,3.0
233d1540,5.0
236171e4,4.0
23717103,3.0
2381064c,3.5
2383d924,5.5
23855e0b,4.5
23bce305,3.5
23d865a7,3.5
2428fa05,4.0
2440d983,4.5
24870b2d,3.0
24eab250,4.0
24ef4fa9,4.5
2522a736,3.0
2534ca96,4.5
25354b83,3.0
253b2cdc,1.5
257fb4a6,5.0
25835eca,4.0
258ecfdc,2.5
259b5a0f,4.0
25c3877c,5.0
25c5a18a,4.0
25dd857a,3.5
2600692d,5.5
263d3129,3.5
2641df91,3.0
264d3c96,4.5
267f8752,3.0
2682c94b,3.5
269fbbdd,3.0
27027716,4.0
2717fdef,1.0
279b22e6,3.0
27b7f5c5,4.0
27c6585d,2.0
284aca12,2.5
285a0153,2.5
2863f4b7,3.0
2889d0db,1.5
28b77182,3.5
28e0fc72,4.5
28efbd1a,1.5
290789f7,3.5
2917977d,3.5
292bd5f7,5.0
293d6cb1,4.5
2967ec05,3.5
29b7f2f6,2.0
29d4417d,4.0
2a11b826,3.0
2a4db519,4.5
2a5f1f40,4.5
2a614234,2.5
2a7b72fa,4.0
2a829632,4.0
2ad0867e,3.5
2b1539df,4.5
2b4ce8a8,5.0
2b58cd89,5.0
2b6c176d,3.0
2b9d70b2,3.0
2ba1a84d,3.0
2bb9bf81,4.0
2bcfd704,3.0
2bdba7f6,5.0
2bf2d921,3.5
2c13728c,4.5
2c30b48b,3.0
2c31fe42,4.0
2c342490,4.0
2c3a98ab,3.0
2c403362,3.5
2c6da667,4.5
2c73e7d0,3.5
2c75e15a,4.0
2c7997a3,3.5
2d299968,5.0
2d394d34,2.0
2d51209a,3.5
2d58eb30,6.0
2d82f063,3.5
2d83c6c9,3.5
2d8a6af2,4.0
2d9342d0,1.5
2d9c35e8,3.5
2da56fa6,3.5
2da9a8cb,4.5
2dabece2,3.5
2db46aff,4.0
2db77950,4.0
2dbeea4a,4.0
2dc069c3,4.0
2e01a66f,5.0
2e0fcc07,2.5
2e2e145e,3.5
2e303d69,5.5
2e797c45,3.0
2e9ee7c1,4.0
2ecae626,3.0
2ee0f648,4.5
2ee11d9c,5.0
2f2b1be2,4.0
2f64d42c,4.5
2f7356ae,3.5
2f74828d,3.5
2f83bfb7,3.5
2f935a5c,2.5
2fa3af34,5.0
2faeac7d,4.5
2fc93786,3.5
2fc9620b,4.0
3006e294,2.5
30235dd1,4.5
307e833d,6.0
3097a2ab,4.0
3099719d,4.0
30c264be,4.0
30e0f4ec,4.5
30e2aa10,5.0
30f509a0,3.0
3114bf63,5.5
31308ef1,4.0
315bdafd,0.5
316bd158,4.0
31816ccf,4.0
31bfbe30,4.0
31d5a61d,1.5
31d87980,2.0
31e423b7,3.5
31ead610,4.0
32351c1e,4.0
32367f91,3.0
323b91ab,4.5
32521404,1.5
325235a6,2.0
32897e88,1.5
32a001ec,1.0
32a0d334,4.0
32a8bf6e,4.0
32abae3d,5.5
32c5e6b9,2.0
32f5dae7,5.5
330e0852,2.0
331c5ed4,3.5
3320a922,3.0
332aaadc,5.5
3330a3c2,4.0
335fc8c4,4.0
339ef1f1,3.0
33e55b8e,3.5
3402f8b4,2.0
3430ffd9,3.5
34374e3a,2.5
347a3473,4.5
349165a7,4.5
34e6276d,2.5
34e9c080,3.5
3507df06,3.5
350bf2fc,4.0
357dd517,4.0
35a8b483,2.5
360df630,5.5
361ba892,3.0
361d0e8e,4.0
36262fb9,4.0
363cff31,3.5
3665bfcd,3.5
36937fb5,3.5
36a25efa,3.5
36e03ded,5.0
370be0e8,3.5
371354c9,4.0
37677d9c,3.5
37870635,5.5
37938f0a,3.5
37aad1c0,3.5
37af08ac,4.5
37d60336,4.5
37da53ba,3.0
3801ae95,5.0
3814e70a,2.5
3834adcb,4.0
38556f4b,2.5
386de32e,4.0
38e46312,3.5
38fd0668,3.5
3919c54f,4.5
3931a16a,4.5
3938f736,5.0
393b3fa8,4.5
394aa22d,4.0
394c1342,4.0
3965375d,3.5
3977377a,2.5
39bf6230,2.5
39d8a62f,2.5
3a1281c8,4.5
3a1d42c9,5.0
3a266257,1.0
3a2e0bee,4.0
3a39504e,3.5
3a5b6512,3.5
3a65a167,3.0
3a894e01,2.0
3a8c1895,4.0
3abc84bf,4.5
3b16cdcc,4.5
3b255c54,5.5
3b5cd2b2,4.0
3b664e22,4.5
3b75532b,4.5
3bb7e7f4,3.5
3bda31e6,0.5
3bfdb870,4.0
3c1538c7,3.0
3c3605d7,5.0
3c417fd5,4.5
3c53bfa0,4.0
3c79be4b,3.5
3c837aa3,2.0
3c957930,4.5
3cb3b607,2.5
3cc2d640,5.5
3cffdc8a,1.5
3d1f8204,3.0
3d24cd53,3.5
3d6b15dd,4.0
3d95f52a,4.0
3dccb44b,4.0
3de6dde6,4.0
3deab542,4.0
3e0aa9dd,2.5
3e10785d,1.5
3e2b4048,2.5
3e3303e5,4.5
3e3848e6,4.5
3e3cb355,6.0
3e40ecd2,3.0
3e498d1f,5.0
3e4d4afe,2.5
3e5c062d,2.0
3e6f3340,6.0
3e99d020,3.5
3ec5db01,4.5
3ec68173,4.5
3ec690e1,3.5
3f0ba72c,4.0
3f73ca80,4.5
3f7887c6,2.5
3fc18493,5.0
3fdd2b5e,4.0
3fdf630c,4.5
3fe62246,4.5
3ff9d316,4.5
40145912,3.5
402c7ed8,4.5
4042f12f,4.0
40556bf1,5.5
409e7178,3.0
40b28508,0.5
40caf723,3.0
40f941ae,3.5
40fd4917,3.0
4107bf80,4.0
41090ec8,3.0
41388810,4.5
414827f7,4.5
41a021da,4.0
41af0616,3.0
41b95fbe,3.5
41b9cd13,5.0
41eb8f63,3.5
421391ad,5.0
421595e4,5.5
4219ea83,4.0
42244528,4.5
422636b0,5.5
426da54b,4.0
429585ca,3.0
4297d74a,3.0
42c392da,4.0
431c41af,3.0
4393ebf4,5.0
439423ad,3.0
439e2f35,3.5
43a4e74a,4.0
43c6ef75,2.0
43c78bc4,5.0
43f41326,3.0
440fef25,5.0
4422c098,4.5
4429109b,3.5
447b0de9,3.0
4483f461,4.5
44a97944,4.5
44ec0937,3.0
44f11deb,2.5
44f746fe,3.0
453837dc,5.0
4552825f,4.0
455c8318,3.5
458bb9cc,4.0
459d7670,4.0
45d6b818,2.5
45ddf704,5.0
45eeb87c,3.5
45f17ed3,4.0
4608c4a1,4.0
460a3b3d,3.5
4626334e,4.0
466921d4,3.0
4684bf0c,3.5
46c9e4e3,4.0
46d71c87,2.5
47263855,1.5
472a5037,4.0
473222c1,6.0
473d1159,3.0
473d6f24,2.5
475006df,4.5
477e4c8a,3.0
47904389,5.5
47de2009,4.0
48201b3d,4.0
4854cde9,4.5
48594724,2.5
486dc5f0,4.5
487a093f,5.5
487acbd9,4.5
488b994c,4.5
488d195b,2.0
488dbe18,4.0
489902fe,3.0
48aaa3c6,4.0
48aad08f,3.5
48be0afe,3.0
48edc5c8,3.5
48fbb3ef,2.5
48ff5381,5.0
48ff8d38,5.5
490c19c0,4.5
49190165,3.5
4939d3d1,2.0
493aec30,4.0
49488813,2.5
494b2e17,3.5
494d5ab2,5.0
494fdf3e,4.5
49628584,3.0
497c5987,3.0
4994a1b7,3.5
49d31772,3.0
4a2e23ae,3.0
4a52b71b,3.0
4a96faab,3.0
4aa3a5d5,3.5
4ad56fd3,4.5
4b0ae22f,4.0
4b100e58,3.0
4b313e06,3.0
4b3c6c52,5.0
4b40b5c0,3.0
4b511325,4.5
4b54047f,4.5
4b70721a,4.5
4bb0b16f,4.0
4bb55429,5.0
4bc66798,4.5
4be768c3,3.0
4bf58df2,4.0
4c084150,3.0
4c0f5ea3,4.0
4c29fc28,4.5
4c36ee7c,3.5
4c542568,4.5
4c5545d0,5.0
4c5b9963,4.5
4c665694,3.5
4c6b68d7,3.0
4c8431de,2.0
4c96253e,4.0
4c973b64,5.5
4ca65256,4.5
4cad4523,3.5
4ccd16f5,3.0
4d050f27,3.5
4d0cc87e,3.5
4d1d25cd,6.0
4d2518f9,5.0
4d27ea35,3.5
4d3dd6a7,4.5
4d55f4d4,4.0
4d659308,4.0
4d83896e,4.5
4d9acb35,5.0
4dba875a,3.5
4df463e8,3.5
4df5c36d,5.0
4e0493e2,3.0
4e07b17b,3.5
4e21e149,5.5
4e42a8d0,4.5
4eac4460,4.0
4ead4432,4.0
4ef2c4d6,3.0
4efb9677,4.0
4f423d3a,1.0
4f48b15e,3.5
4f58b9c8,4.5
4f790e0d,2.5
4fab5ef9,5.5
4fc52b72,3.0
5025c0ab,4.5
5030aa8f,3.5
503b1f32,3.0
50457931,4.0
5046478b,3.5
5091645f,4.5
5092df71,3.0
5099e6e4,3.0
50a6255f,2.5
50b091c1,3.0
50c1487d,3.5
50f6a379,3.0
50fcfcb0,3.5
5174669a,2.5
518a82de,4.5
518d1052,2.5
5200e1c1,3.5
520d7802,4.5
52106fb4,4.5
52125f9b,4.5
522894e5,3.5
5252751a,3.5
52969080,3.5
5299dfb8,3.0
529fdadf,3.5
52bec922,1.0
52c2217c,3.0
52c8c00d,4.0
52cb9d7e,5.0
52d6746f,4.0
5310936a,5.0
531642e5,4.0
5327ff63,5.0
53484052,3.0
53963d60,4.0
53ad302c,3.0
53eae7f2,4.5
53ef14a4,5.5
54066b22,3.0
54130282,3.0
54156150,3.0
54249b1b,2.5
543f1649,3.5
544bf58f,3.5
5461650e,5.0
54687e6e,4.0
5484cf05,4.5
54b21b6c,4.0
54be5170,5.5
54c04585,3.0
54e4b9ea,2.5
54fa76a8,4.5
54fb4afe,3.0
54ffe46e,4.5
55203483,3.0
55803c82,5.5
55850677,4.5
55850b72,1.5
5590d775,4.0
55c47563,4.0
55c964af,3.5
55e10d59,3.5
55e74440,4.0
55e7ce9c,1.5
561640d2,5.5
56172efb,3.0
56464b89,4.0
56586ecf,4.0
568ceeb6,4.5
569d8062,2.0
56c2c82f,3.0
573a489e,4.0
574837f4,2.5
575c5872,3.5
576e9414,1.5
577a6280,2.5
57cf7d76,2.5
57de9e7c,3.0
57e59a7e,4.0
581eaf19,2.5
5823d883,3.5
582dbb0e,3.5
58b8feff,3.5
58e307a8,1.0
59247531,3.0
592852fc,4.5
59391c3d,3.5
593e705f,4.5
594c2957,3.5
596d2b93,4.5
59b1303d,5.5
59b922be,3.0
5a3f0d07,1.0
5a685b17,1.5
5a7d2bb0,2.5
5a841dce,3.5
5ab35d62,3.5
5afe1846,4.0
5b3282ec,3.5
5b3d816d,5.0
5b45d605,3.0
5b684c92,4.0
5ba1bddf,5.0
5bb0af01,4.0
5c16af37,3.5
5c1ba571,6.0
5c3ee912,4.5
5c423ef1,3.5
5c547ccd,2.0
5c565da6,4.5
5c5e3889,4.0
5c80564f,4.5
5c8617f8,4.0
5c88a769,1.0
5c9487e2,4.0
5cd4e6be,4.0
5cd89d6a,2.5
5cdb9757,4.5
5d2dc268,3.0
5d434b72,4.5
5d650af6,5.0
5dc57e61,2.5
5dd88533,3.5
5dfbc450,4.5
5e048ae3,1.0
5e25026d,2.5
5e39639b,3.0
5e462523,3.5
5e4e767b,2.0
5e4eb9ba,4.0
5e53f74c,6.0
5e883233,4.5
5e8a2513,3.5
5ef5e32d,4.0
5f130d67,4.0
5f3386f6,2.5
5f43564c,4.0
5f54631b,4.0
5fa3bd8a,3.0
5facee61,5.0
5fe2840c,2.5
605bff4d,5.5
605e3a12,4.5
607f216d,5.0
60824ff3,2.0
60878b41,3.5
608ef9a0,2.5
608fe7d3,4.5
60af525c,3.0
60ca3cfa,4.5
60d574e2,4.5
60d742c3,5.5
60f61b04,4.0
610914b9,3.0
61185a3d,4.0
614a8c0f,5.0
61702afd,5.5
6175e621,3.5
61786648,5.5
61abc326,3.5
61d03a51,3.5
62161e96,2.0
622068c5,3.0
6236e892,4.0
626ee149,5.5
629fdb77,1.5
62b9a12b,4.5
62bf4107,5.5
62c6cb18,3.0
62cbed39,4.5
62d9434c,3.0
62ed5a31,2.0
62ff8c30,4.5
630300bc,4.5
631348ae,4.0
638c64e3,1.5
63ab70f0,4.5
63af3002,4.0
63c5dd76,4.5
63dd84d5,4.5
641095b1,4.0
6436f0d3,4.5
644ff57d,2.0
6465075b,3.5
6467de45,4.5
647ca15e,4.5
64828dc1,4.0
648b1906,3.5
64caebbb,4.0
64cb3a25,3.5
64d95b13,3.5
64eeb50f,5.0
6500aba6,2.5
651f7d29,3.5
6538b8cf,4.0
653f7b98,3.5
65796172,4.5
6589d702,4.5
65a890d9,2.5
65bbb7e3,3.0
65c2a095,1.0
65c324b3,3.5
65eb7e1b,3.5
661db0ca,3.0
662073a3,3.0
6631dc3b,4.5
66327501,2.5
663ac837,2.0
6677ae29,3.5
668c6f59,4.5
669691d8,3.0
66ae4f3e,2.5
66b82d74,3.0
66d4cce8,4.0
66f386c7,4.0
66fed026,6.0
6714d1b2,3.5
67257172,3.5
6745808d,4.0
6763136d,5.0
676c6618,3.0
677a166f,3.0
678869e4,3.0
67a3d9f5,5.0
67a685e2,5.0
67b5648f,5.5
67b7ca27,4.0
67c66245,3.0
67c94b48,4.0
67d04f17,3.0
680dffd0,3.5
681a978c,3.5
6828d225,4.0
683c9557,5.0
684da01a,5.5
68628a31,4.5
68a3f911,2.5
68c4cbc9,4.0
68d05594,3.5
68df1430,1.0
69021be9,3.0
69080b17,4.0
69339761,4.5
695bc6e7,6.0
696bafbf,1.5
6978fb97,5.0
69916fc0,1.0
69a3c3d6,4.0
69a9e639,4.5
69ad66d7,4.0
69ce169c,2.0
69e5114e,3.0
69f2c884,4.5
6a3c4a0e,3.5
6a4643be,4.0
6a46d751,2.5
6a5a9898,4.0
6a9ac8e8,3.5
6a9cd990,4.5
6aa4881d,3.5
6ab3708b,3.0
6af21917,4.5
6b0cfb58,4.5
6b2a1937,5.0
6be795f6,5.0
6c032912,3.0
6c307cb1,5.5
6c446516,4.5
6c46059e,4.0
6c5db560,4.5
6c6a19c5,3.0
6c710d22,2.0
6c77e200,5.5
6c8526c6,3.5
6c9a74d0,2.5
6cc023d7,4.0
6cc7b04e,3.5
6cdd4903,4.5
6ce7454e,3.5
6d008b60,4.0
6d1405de,4.0
6d1c240b,4.5
6d362b88,3.0
6d4bf9e0,4.0
6d75a372,2.0
6d84447a,3.5
6d9627c5,3.0
6dcd250a,4.0
6ddee6b9,3.0
6df4063e,4.0
6df4bb12,3.0
6e00ad5f,4.5
6e1048f2,2.5
6e3ff2ce,3.0
6e47a75b,4.0
6e4d4a28,2.0
6e561dc9,4.0
6e701071,4.0
6e958656,5.5
6eddf669,3.0
6f39a6e9,5.0
6f54beab,3.5
6f6fb596,3.0
6f86bf79,3.0
6f973b44,4.0
6faf0075,4.5
6fc3a54e,3.5
6fe9a213,5.0
6feba041,4.5
6ff9eeed,3.5
702810ac,2.5
7073cd1e,1.5
70985ac3,4.5
70ba8d67,3.5
70ff714a,4.5
7173050a,4.0
718c0f7d,2.5
719ed6e1,1.0
71a6cdc5,3.5
71d647bf,4.0
71f872ee,1.0
720db86b,4.5
72135c44,4.5
72298d29,2.5
7251481e,4.0
7256a238,2.0
7257c0ab,4.0
726c884c,4.0
729dd832,3.0
72e1c38c,1.5
7313113c,4.0
731c3f6b,4.5
73340766,3.5
73604dc8,3.5
738c8c99,5.5
73a14f64,3.5
73b357f7,5.0
7400383b,3.5
742537ba,3.5
7425b7e1,3.5
745e60f2,4.0
74629ec4,5.5
7476e3b2,3.5
74b04381,4.0
74c48d94,4.5
750a018c,3.0
752dee76,3.5
753959f8,3.5
753c6d04,3.5
754646df,2.5
755df972,3.0
7569b6be,3.0
7570a831,3.5
759ddfd8,4.0
75b4ab26,5.5
75c62f9c,3.0
75cf2c31,3.5
75f9383c,4.5
76326c8b,2.5
76704f26,3.5
76753317,2.5
7680b21a,4.5
76b79ef0,4.5
76e1fcc1,4.5
76e669d8,4.0
76faf752,3.0
77021ea3,3.0
7727ae8e,4.0
774a64f4,3.5
77673a2e,4.5
7777fbbf,5.5
777c03e6,3.5
77954073,4.0
77a4e4b4,5.0
77bd26b6,3.5
77e2b5fd,5.0
77e45980,4.0
77f85738,4.5
7812d152,2.5
781d2597,3.5
78421e70,3.0
78721869,3.0
7872ee7f,4.0
78c8474d,3.5
78e1f60f,4.0
78e8d984,3.0
78f131a5,4.5
79063968,5.0
7911e416,4.5
791be024,4.0
793e5089,3.5
7966d52a,3.0
79706890,4.0
79749297,2.5
7992872a,3.5
79bcc2de,2.5
79e96d1d,4.5
79ee2112,3.0
79f540d1,4.0
79f66976,5.0
79fff502,3.5
7a17e218,3.0
7a1fa8a8,3.5
7a4d1680,4.0
7a5402f9,3.0
7a69dc57,3.5
7a8eb928,4.0
7ad93a2e,4.5
7af8d365,4.0
7b099747,5.5
7b1c6fc7,1.5
7b3dc2f8,4.0
7b4bf487,4.0
7b6d6bb4,4.0
7b81babb,4.5
7b8d98bd,5.0
7b950047,4.0
7b9c67dd,3.5
7ba082b4,6.0
7bb736ae,2.5
7bc81b84,4.5
7be4f0ec,3.5
7bf0df3f,4.5
7c0c1b5f,1.5
7c199fb1,4.0
7c29b41e,4.0
7c2af42c,3.5
7c6fb927,4.5
7c793f53,5.0
7c9dbe4b,4.5
7c9f0b7c,4.0
7d0a6bd7,4.0
7d2a1b67,4.5
7d9f3b3d,5.0
7de7c09f,4.5
7dff0acd,2.0
7e17c4f0,2.5
7e1f014d,4.5
7e3030a4,4.5
7e3237fa,5.0
7e6cde77,1.5
7e944bd0,1.5
7eac4ad6,3.5
7f0406a6,2.5
7f1703d0,3.5
7f485095,4.0
7f4ac329,4.5
7f5ca0a9,3.5
7f84e67b,4.0
7fb70c6f,4.0
7ff74c9d,5.0
80204e4f,4.0
8028b942,3.5
80567e1e,3.0
807c822a,4.5
808abe75,5.5
80c8e829,3.0
811373e1,4.5
81264ebf,3.5
8159527a,3.5
817c9789,3.5
81a74596,3.5
81a86064,3.5
81bc89d3,5.5
81ccdcfd,4.5
81cee31b,3.0
81f5c2d4,4.0
8204c891,3.0
820bcf42,3.0
82496b31,5.5
824be298,3.0
824f263a,4.5
8253f526,4.5
8268b1e9,4.0
827b7d94,4.5
828b9335,5.0
82940d15,4.0
8294f230,1.0
829523e8,3.0
83184f73,3.5
831d0606,3.5
831f7758,4.0
8325eeb2,4.5
83588b63,3.5
835c845d,2.5
8385a336,5.0
8387640c,3.5
8389a706,2.5
8389bb25,4.0
83977519,4.0
83ad0a4b,3.5
83b04f27,3.5
83b16bab,5.5
83b171ba,5.0
83b2b54f,4.5
8404b53a,1.5
840c0b4c,3.5
84183990,3.5
84221545,5.5
842d59a3,5.5
844e1ce7,4.0
8455fb45,3.5
845cce85,2.0
846d9750,3.5
8492481c,2.0
84957285,2.5
84965efe,5.5
84c3dd82,2.0
84da500a,4.0
84e444cd,5.0
85003a37,4.0
85133702,3.0
852aa24b,3.0
852fc430,3.5
853a8fab,3.5
857db4b3,5.0
8581a825,3.5
8581c428,5.5
858a7bb6,4.5
859774e5,4.5
85c87a30,3.5
8626c32b,2.5
862a9560,5.5
863dc6f9,3.5
864ca8af,1.0
865a9203,3.0
869a7835,2.5
86c1dce0,3.5
86ca6cba,4.5
86e05a78,4.0
87211b93,3.5
8732df65,3.5
873e7f98,2.0
874464a1,5.5
874e6c1a,2.5
875aceae,3.5
87766dff,2.5
877780f2,3.0
87e2154e,5.0
881c395d,2.0
888feeaa,4.0
88a4f82a,2.0
88b4e5ea,4.0
88c152c8,4.0
88e4475d,1.0
8908c597,3.0
89190107,3.5
89353044,4.5
896e987e,3.5
897b3f73,2.5
898d3ee7,6.0
899852bc,4.0
89a23b9b,4.5
89dba3b6,2.0
89e03572,2.5
8a021954,1.0
8a1aeb3a,3.0
8a59c454,4.5
8a8c1ea2,4.0
8a9500e8,3.0
8ac53c4e,3.0
8ac62347,3.5
8adb949f,2.5
8aec3af2,4.5
8b49c436,3.5
8b59f324,5.0
8b5a06a2,5.0
8b74c1d4,2.5
8b880106,4.5
8b8f360d,4.0
8bcbe7d7,4.0
8bcd94be,3.0
8bd44fe3,4.0
8c58e2db,3.0
8c5963fb,2.5
8c5ed7da,3.0
8c8d7083,3.5
8c8dfd2f,4.5
8ce43664,3.0
8cf555a8,5.0
8cfa9f8a,5.0
8cfca527,4.5
8d1268dc,4.0
8d14d8fa,2.5
8d3b6795,4.0
8d903f39,5.0
8daafc96,3.5
8db72601,4.5
8dffc9eb,2.5
8e3e91d8,4.0
8e4e584c,4.5
8e5a0aed,4.5
8e7ddf0f,3.5
8e884143,4.5
8eafea92,4.0
8ec38d5b,5.0
8ee8c46c,2.5
8eec804b,5.5
8ef881b4,4.0
8efb813b,5.5
8efca562,4.0
8f05fb9e,3.0
8f126cea,4.0
8f157bd6,2.5
8f72687a,3.5
8f92a24d,5.0
8f9c0813,3.0
8fbd833d,3.0
8fbd8fb3,3.5
8fcb57ae,4.0
8fdc8601,2.5
8feba1fd,4.5
8ff8bf8a,3.0
8fffe644,4.0
9022e4d4,4.5
90269dde,3.5
90295028,4.5
9034ff83,5.0
9048481a,2.0
9059cc2e,3.5
9060dbf2,4.0
9061574e,2.5
90911337,4.5
909354fd,3.0
90b4a05d,4.5
9116f319,4.0
911a0eed,4.5
91298a75,3.5
91849925,5.0
918a665d,2.5
92122c61,4.5
9238a345,1.0
923ca962,4.5
9259b9ef,4.0
929b792b,3.5
92aedf7d,2.5
93254e05,4.5
93274056,5.5
932df7b4,3.5
93348ad7,5.5
9347ef4c,1.5
934d3907,5.0
935529e4,3.0
9387663a,2.0
93e42795,4.0
93eb72ae,4.5
945ef4cd,3.0
946479b3,3.0
9482dac7,2.0
949b4349,3.5
94dc3440,3.5
94dc4f03,3.5
94f762ff,5.0
954b0e6c,3.0
95539d95,2.5
955e30d1,4.0
955ea377,4.5
95acfe17,1.0
95bae1f0,5.0
95c6b90e,4.0
95d8de34,3.5
960d5df5,5.5
963b9bc1,4.5
9654cf12,5.5
967a0499,3.0
96bb51b6,4.5
96d0af80,4.0
96d5d232,3.5
96d9d49e,3.5
96e4825f,4.0
96efda3b,3.0
96ff9891,3.0
972581fa,3.0
978aa7a7,3.5
9790b0fa,5.0
979e6e7e,3.5
97bb1cdc,2.5
97dcb8b2,4.0
98058f5d,5.5
9824217b,2.0
986b594d,4.0
98e0b921,4.5
98ea47d5,2.5
99067006,4.0
99087dfb,3.5
991029d7,2.5
991b0a60,4.0
9923f86b,4.0
9943adf2,3.5
9944b4c5,3.5
994c1a12,3.5
994f202a,4.5
995c445c,4.5
995e2389,4.5
999246d1,2.5
9999c95a,1.5
99d9c99c,3.0
9a2ed914,5.0
9a6032c9,4.5
9a66339b,3.5
9a89a9bd,3.5
9ab68076,3.0
9ad6f093,3.5
9af2bc7c,5.0
9af83860,5.0
9b1f39a7,4.5
9b3a64d9,4.0
9bb707cb,2.5
9bc6e6cc,2.0
9c4404a6,3.0
9c4627b3,3.0
9c505fff,5.5
9c5131cf,4.0
9c54b5a8,4.5
9c656e73,5.0
9c7ff6de,3.5
9c9c6e1a,4.0
9cc84e1b,4.5
9cd00d22,3.5
9cd5ac07,4.0
9cdeaac5,3.5
9ce1a51f,3.5
9ce5e4cf,3.0
9cfb112b,6.0
9d239d44,4.5
9d5dd931,4.5
9d8254bc,3.5
9d8ba1be,5.0
9d962f39,3.5
9dad44fc,2.5
9e0b8121,5.5
9e5e1401,4.5
9e9cc5e4,4.5
9eab51f8,4.5
9eba326c,4.5
9ecddd96,4.5
9ed9b275,4.0
9ee392eb,3.5
9eed1c32,1.5
9f1c3e52,3.5
9f328eb3,5.0
9f3cc888,3.0
9f409102,3.0
9f61160b,2.5
9f62a5e5,5.5
9f8143a9,6.0
9f9b0a0e,4.5
9fa0f5fd,3.5
9fae8916,4.0
9fd69131,5.0
9fe6fde8,4.0
9fecf3dc,4.0
a0227a21,5.0
a026a4ed,4.0
a04a32c3,1.5
a04c2d05,3.0
a0712779,3.5
a07292a9,4.0
a0940781,4.5
a0c24719,3.5
a0d550f4,5.5
a0dd8c5d,4.0
a0eaf617,4.5
a0f341e3,4.0
a0fa9e98,5.5
a117f778,2.0
a134dd29,3.0
a13e3a1d,3.5
a18d1dce,3.5
a1a579b8,5.0
a1a879ad,2.5
a1e5c00a,4.0
a2212ea2,3.5
a24677fb,3.0
a265f6b2,5.5
a278e3e3,5.5
a294b044,3.0
a2b991c4,4.5
a2f924cd,4.5
a2fea92f,3.0
a3002e51,1.5
a3020d40,4.0
a3417adb,4.0
a350cdb0,3.5
a39139ca,3.5
a394eb72,2.0
a399ebf0,5.5
a39a142d,3.5
a3dd84d1,4.0
a3e3f8d7,5.0
a4050889,3.0
a42ed34a,4.5
a4343828,3.5
a435ad82,4.0
a44e2223,3.0
a466bdbd,3.5
a4786db7,4.5
a48809ed,3.5
a4c28de8,5.0
a4dc3a53,4.0
a4e91a31,4.5
a4eed006,1.5
a5082dd5,2.0
a50ad9b8,2.0
a5535728,4.5
a557363c,3.5
a5593c54,3.5
a573979a,4.0
a581dbff,3.5
a5c7e939,5.0
a5d219a7,4.0
a5dc9ae4,2.5
a5faf0da,4.0
a60740b8,1.5
a60f97e1,3.5
a65c30f2,4.0
a67d7333,5.0
a68438f2,4.5
a6a84700,5.5
a6cc9c6a,3.0
a6d05bf8,2.0
a6d7b342,3.0
a6d90b13,2.5
a6f785ed,2.5
a709392d,4.0
a72a8eb5,5.5
a73f2eb3,4.0
a74a8557,4.0
a74f7d18,5.5
a753ded2,6.0
a7621aff,3.0
a767196b,4.5
a7675a7c,4.5
a799eaec,3.5
a7a31aa3,3.5
a7caa6c5,3.5
a7df9886,4.0
a7e9121d,5.0
a814c646,3.0
a8219621,2.5
a83ed2ea,1.5
a8a44b19,3.5
a95eb2f8,3.5
a96dc180,5.0
a978dd26,2.5
a9be88ec,4.0
a9cab2af,5.0
a9f538e2,4.0
a9fd5db1,6.0
aa052ff5,4.5
aa46b040,1.5
aa482fd9,2.5
aa6238d4,5.0
aa7fe2fd,4.5
aabc948f,4.5
aac5ac07,1.0
aae3f491,4.5
aaf07101,3.5
ab02baf8,3.0
ab0a3132,4.5
ab101095,2.5
ab38c3d6,6.0
ab888941,4.0
ab94ff28,3.0
ab975e22,2.5
abac6041,5.0
abb84da9,4.5
abdcad90,3.0
abffaa47,3.5
ac035e08,5.0
ac509b72,3.5
ac558e55,3.5
ac63a9eb,3.5
ac6e670a,2.5
ac71d377,5.5
ac9e81f6,3.5
acaf840f,4.5
ace0ee61,4.5
ad04a619,1.5
ad074ea8,4.5
ad54385b,2.5
ad5f7cbb,3.0
ad8bba1d,4.0
ad8f2b1e,5.0
ad929a5c,4.0
adb9eb41,4.0
adc30d84,4.5
adfa3eeb,1.5
ae1d4355,4.5
ae2e45f2,4.5
ae3aac7e,6.0
ae424507,4.0
ae6319cf,2.5
ae72372e,4.5
ae9a4021,2.5
aeba6ea3,3.5
aece6ae8,4.5
aed269c6,4.5
aedc273c,3.0
aef3e7db,4.5
af2374f2,2.5
af4080f5,4.5
af413996,3.5
af6b9c48,5.0
afb37127,4.0
afc07c28,4.5
b0127418,3.0
b027df85,3.5
b050b765,1.5
b0549c3f,5.0
b05c3e6f,2.5
b0889ee9,3.0
b09dfe31,3.0
b0c331fc,5.0
b0c5d223,4.5
b0deada8,4.0
b0f15494,4.5
b0fa5a71,6.0
b0fad85d,2.0
b10b4664,2.5
b10c5326,4.0
b10e093c,2.5
b11e1fdc,2.5
b1301f27,4.5
b1560018,3.5
b160b3e7,5.5
b1789fc6,3.0
b1b8d3b7,4.0
b20bd1f8,2.0
b2363d6e,3.0
b24d05d3,3.0
b2688a58,5.0
b26c5a3c,4.5
b26fe420,5.0
b27d8477,2.5
b2971bf2,1.5
b2ab8661,3.5
b2c410b3,4.0
b2f436ad,3.0
b2fd3a2f,2.5
b3027b38,3.0
b3b3bb98,2.5
b3b622d0,2.5
b3cebc3a,4.5
b3ea4e9f,3.5
b4173b4d,4.0
b4387780,3.5
b44f2f34,3.5
b450b853,3.5
b45dc3dd,3.5
b475c8d9,2.0
b4834b77,4.0
b4854bfa,4.0
b4982a8b,3.0
b4988628,4.0
b4a02288,4.0
b4af5817,4.5
b4ce3f66,4.0
b4e5001b,2.5
b4e8eaad,3.0
b50a2dcc,4.0
b515a0d5,5.5
b52822bc,5.0
b5285c39,3.0
b55ef091,3.5
b5663b2f,3.0
b5665442,3.5
b595fa14,3.5
b5a82ead,2.0
b5bb3bdd,5.0
b5c46740,4.0
b5d6e867,2.5
b5e75668,5.5
b5f258f5,3.0
b602f375,2.5
b60d831a,3.0
b61221f1,4.0
b622ff3b,3.5
b62db875,5.0
b6338670,2.0
b645da5e,6.0
b6490565,5.0
b66bdcfe,2.5
b691afc2,4.5
b6e9986f,2.5
b6f4754b,3.0
b6fd25a0,5.0
b732c6e2,4.0
b73648cf,6.0
b77b9b81,4.0
b7c571ee,3.5
b7ec8513,3.5
b7fb66d1,5.0
b7fc4438,3.5
b8091db4,3.0
b80eb117,4.0
b816ee8e,2.5
b826ca8d,3.5
b837ce71,5.0
b8411b14,3.5
b89440ab,4.5
b8a857fc,4.0
b8da9bf0,4.5
b8e78e0c,3.0
b9203e25,2.5
b95dd47c,3.0
b9828b29,4.0
b9844961,5.0
b98b17d6,3.5
b9a0fbbd,4.5
b9b2a2f4,4.5
b9cec20e,3.0
b9f1915c,4.0
b9f90ada,4.5
ba001912,3.0
ba50b90e,4.0
ba66fe73,4.5
ba81e7d8,3.5
ba9f465d,3.5
bab8c2fd,4.0
bad1245c,4.0
bae51194,4.0
baf60693,3.0
bb43afb0,3.5
bb44a6bc,3.5
bb5c6a9c,3.0
bb6bbd4d,4.5
bb6e5cdd,3.0
bb87c079,4.0
bb948343,4.0
bb955a8a,4.0
bba7026d,3.5
bbcfe929,1.5
bbd06342,3.0
bc116d20,4.0
bc119fba,2.5
bc3da4ab,4.5
bc945fbf,3.5
bc9cded6,3.5
bcabf34b,5.5
bcfa471b,4.5
bd0baef9,4.0
bd487e77,2.5
bd5d30d6,4.5
bd75ded1,3.0
bd84b2a6,3.0
bd8a6fd8,4.5
bd9f68a9,4.0
bdff8fd1,2.5
be0d803b,4.0
be2130ad,3.5
be243d18,4.5
be24dd5d,3.5
be3bccf5,4.0
be43ca0e,3.0
be97e03c,3.5
be9834a2,4.0
bec6434b,3.0
bed8741c,3.0
bee6e87b,3.0
bf1a04b1,3.0
bf2311b3,3.5
bf68655a,4.0
bf8740c6,4.0
bfba4fa3,4.5
bfc85aa5,1.0
bff32927,2.5
c040902a,3.5
c04413fc,3.0
c08cd65e,6.0
c08e1863,3.5
c0adeba4,3.5
c0b955dd,3.0
c0e6ca6b,4.5
c0f07a4f,3.5
c15c5250,5.5
c17fc5cc,3.5
c196d8cc,2.5
c1af64b6,4.0
c1f8f0b2,3.0
c20c5287,4.5
c20ea620,3.5
c238b433,4.5
c242ceb5,3.0
c2528e34,3.5
c2d522ff,3.5
c33c336d,4.5
c346b379,4.5
c346bdb6,4.0
c3663a2d,0.5
c38f2d4d,2.5
c39065b4,4.0
c399c1f2,3.5
c3ad7780,4.5
c3b8c500,2.5
c3eaeb5a,5.5
c461f7de,3.5
c493eeee,3.5
c4999554,4.5
c4a77eaa,3.5
c4af026d,4.5
c4e06186,2.0
c4e2e556,4.0
c4f04c1c,4.5
c5153bc2,3.0
c5251ab9,2.5
c5269039,2.5
c531a2f0,4.0
c56d8755,4.0
c5a1232f,4.5
c5a5af30,2.5
c5a838d6,2.0
c5b40058,4.5
c5e2fee8,3.5
c5f593d9,4.0
c61c1a63,5.0
c62c21e9,5.0
c638e8c7,3.5
c647d68a,2.5
c67feed7,2.5
c6afddaf,5.5
c71dad9e,4.5
c71ed9a5,5.5
c72b96b8,3.5
c7814d19,2.5
c7a04443,4.0
c7aa7765,2.5
c7ab0e41,1.5
c7df6572,5.5
c82db6d5,5.0
c8307cea,4.5
c835095e,1.5
c83841f1,4.0
c83ed380,4.5
c840a064,4.5
c840de1b,4.0
c8423c56,5.5
c847f16b,4.5
c859a904,5.0
c87d17f0,5.5
c89ac493,3.5
c8c53117,3.5
c8cf48a3,4.0
c90ab478,3.5
c92c1620,3.5
c93dd35a,5.5
c97768c9,3.5
c977bb83,3.5
c99b9b37,2.5
c9a405c8,1.5
c9a8cb6d,3.0
c9b98881,6.0
c9be0189,3.0
ca06574b,3.5
ca1feec3,4.0
ca2405e7,4.0
ca6a1c11,4.5
ca8efe6c,2.5
caad8079,6.0
cacb78cd,3.0
cadd65c0,3.0
cb24e2f0,3.5
cb32aa46,5.0
cb36a061,3.0
cb457e17,4.5
cb4a7d8f,4.5
cb50ac2c,3.5
cb77daae,3.5
cb9a228f,4.5
cb9b9540,6.0
cbb77909,3.5
cbe4e3c6,4.5
cbeb2be7,3.5
cbf1f147,5.0
cbf9bdd8,3.0
cc32b9e5,3.5
cc68b81d,4.0
cc6a4840,4.0
cc6fa8cc,4.0
cc8e37c2,3.0
cc8f245d,4.5
cc951f16,3.5
cc995d97,4.0
ccab505f,4.5
ccbde4a9,3.0
cccaaf96,3.5
cccad129,4.0
cccdb12c,3.0
ccce9f54,5.0
ccdada4b,1.5
cce585a7,6.0
cce5f122,4.0
ccf38407,4.0
cd2202cd,5.5
cd64ed13,2.5
cd662b55,4.0
cd7b9bb9,4.0
cdc73008,2.5
cdc8a8ab,3.0
cdfbd31f,5.0
ce1c2031,4.5
ce40b2f6,3.5
ce47f41d,4.5
ce50f793,3.0
ce64ef83,2.0
ce6e839b,3.5
ce778f36,2.5
ce7f9d9d,4.5
ce992a54,5.5
cea62464,4.0
ceb42e8c,3.5
ceb6ad2a,4.0
cebb8af5,4.5
cecc4d35,4.0
cee5b384,4.0
cefcca98,4.0
cf4dd1df,2.0
cf61512c,4.0
cf672aae,4.0
cf7d95b9,4.0
cf8d1b80,3.5
cfa1bea0,3.0
cffadd0d,3.5
cffc66a7,2.5
d05cb8df,4.0
d05d4a14,4.0
d06feb60,4.0
d0701348,3.5
d0a7cd9c,3.0
d0b3b26b,4.5
d0d0ebea,1.5
d0faae5c,4.5
d116c7f9,4.5
d11b9bb5,2.5
d121cbd5,3.0
d1383522,3.0
d1798b5e,5.5
d192be1c,3.5
d1a0c0dc,3.0
d1a5677c,3.5
d1ab01f9,3.5
d1bc66cd,3.0
d1d79f42,4.0
d1d8aa0c,4.0
d1e7b103,3.5
d1ff3cd9,4.0
d204965c,3.0
d27518b9,2.0
d2d0ebc3,4.5
d2d78025,3.5
d2ec6dc6,1.5
d34f0b65,1.0
d35975fa,3.5
d36ceae6,4.5
d3a0c370,5.0
d3b9ecaa,3.0
d3c36263,4.5
d3ee468d,4.0
d3f97338,4.0
d3fef198,5.0
d4008a98,1.0
d409864b,5.0
d413a5b5,4.0
d4318fb6,4.0
d4426124,3.5
d448b7cb,2.5
d454e7c7,3.0
d4666900,4.0
d472cfd9,4.0
d47829b9,4.5
d49e21a4,1.5
d4af22cd,4.5
d4cf6a41,4.0
d4e208ac,4.0
d4fa47ec,4.5
d505f7c5,3.5
d516e816,4.0
d5353eac,4.5
d53e304e,5.0
d599928f,4.0
d5af6725,2.5
d5c746df,3.5
d5e08535,2.0
d5e3afb6,5.0
d5f419b5,4.0
d5fa21c0,1.5
d62d4366,1.5
d641a64d,3.0
d66ea1c0,3.5
d6892916,4.5
d68f5377,3.5
d6b3f0ee,2.5
d6c49842,4.0
d6c720ce,3.0
d6e700e9,3.0
d7055c65,3.0
d70e1baa,3.5
d74d2c51,3.5
d7705d79,4.5
d7871a2e,4.5
d791d36f,2.5
d7c03932,4.5
d7c8a819,3.5
d7c8ee51,4.5
d7d0eca0,4.5
d7f0b1aa,5.0
d7f21d96,2.0
d80ce807,3.5
d84f0c52,4.0
d850861d,3.5
d8612276,4.0
d86ac6c7,4.0
d87acfcd,5.0
d87dea65,3.5
d8871360,4.0
d888ebb7,3.5
d8a426e4,5.0
d8ad15e6,4.0
d8bae9f7,4.0
d8d596a3,4.0
d8d897c8,4.0
d8e49913,3.5
d8e53b5b,2.0
d8edf05d,4.0
d931029a,4.5
d93bd869,3.0
d9474286,2.0
d96b5156,3.0
d9a4b7a5,4.0
d9e2c66b,5.5
d9e9abae,4.0
d9fa0e75,5.5
d9fec26b,1.0
da5a554e,3.0
da6a74e8,3.5
da70f502,4.0
dac7fdac,3.0
dad2b05b,3.5
dafae958,3.5
db1e3631,3.5
db1f9df0,4.5
db50d9e3,5.5
db6c2876,3.5
db9b38e6,3.5
dbecb2a3,3.5
dbede377,4.0
dbee2b4e,3.5
dbf94a12,2.5
dbf9a096,3.5
dc0d7869,4.0
dc57d9b0,3.0
dc7b3d6e,2.5
dc844db4,4.0
dc90585d,3.5
dcad9665,3.0
dcb5cf49,3.5
dccf967f,4.5
dd219a5a,3.0
dd22a7ca,1.5
dd3bce46,4.0
dd3d1dd4,4.5
dd5994c0,4.5
dd75c2cc,5.5
dd88f370,3.0
dd8a5352,5.5
ddacfa95,3.0
ddd1ed83,3.5
dde9f6b7,4.0
ddec0a5b,3.0
ddf1b15f,4.0
ddf35b9a,4.5
ddfffe1f,4.0
de18d343,4.0
de30215b,4.0
de5a1b34,4.0
de913853,4.0
de9d6b34,4.0
deaac2a1,3.0
deb9b876,4.0
debf5b3b,3.0
dee20b45,3.5
df20a55a,3.5
df3055b0,4.0
df4a52ad,4.0
df5bfb67,3.5
df6f843d,4.5
df74824f,3.5
df949cee,4.5
dfbc5b5e,6.0
dfcb3181,3.5
dfcdeed7,3.0
e01ec054,6.0
e0324663,4.0
e041a590,4.0
e0a304a1,5.0
e0ab02ae,2.5
e0bacb1a,3.5
e0bb8634,4.5
e0e3c14c,4.0
e10e1197,4.5
e123e09b,2.5
e12a6ae7,2.0
e12b5946,4.5
e12bc25d,3.0
e14058f6,4.0
e154a6f9,3.5
e1567295,3.0
e15f50bd,3.0
e1a70d39,4.0
e1bd350e,3.0
e1f972d9,5.5
e2124c99,4.0
e23bcdd3,4.5
e2618d09,3.5
e262beca,5.5
e29d58c4,5.5
e2afc02e,4.5
e2bb43a4,2.5
e2db25a5,3.0
e300eb0e,4.0
e348267d,5.0
e3566589,3.5
e3cd380f,4.5
e3e0bc01,3.0
e3f3f5ee,4.5
e406a87e,1.5
e419603f,4.0
e41e2d33,2.5
e42b680c,2.0
e4517d6a,3.0
e463cf46,5.0
e46dbd03,3.0
e4721651,2.0
e4898343,3.5
e4acea6d,4.0
e519b7a4,3.5
e5246b48,3.5
e5339ab7,5.5
e561571f,4.5
e562b877,4.5
e5640ba4,4.5
e56c61cf,3.5
e58d9b29,4.0
e593ac4f,3.0
e596b9ad,2.5
e5b405e6,4.0
e5d223c4,4.0
e5f12cf8,3.5
e5f9bc63,2.0
e606399f,5.0
e6298062,3.5
e63504fc,3.0
e640a6b9,3.5
e6693dd9,2.0
e6702053,2.5
e6a6e1af,3.0
e6c46996,3.5
e6cce993,4.0
e6e75b5a,3.5
e6fbb647,2.0
e731a4d4,4.0
e73d822b,5.0
e74a7639,1.0
e74cdd1b,3.5
e76cf799,5.0
e7808797,3.5
e78f568c,4.5
e794f432,3.0
e7bf19b1,3.0
e7f05c8a,2.0
e7fe6607,5.0
e80f36a0,4.5
e817ec7a,2.5
e86a132d,1.5
e86ef821,3.0
e8a6381d,4.5
e8b674c1,4.0
e8f1926a,2.0
e937b66e,5.0
e952ad6f,4.0
e98e0a41,4.5
e9901ca6,3.5
e99a18d1,3.0
e9b68199,6.0
e9bac206,4.0
e9e25b02,4.0
ea0dfde0,4.0
ea0f84a6,3.5
ea411cc5,3.0
ea43e32d,2.5
ea6f3b93,4.5
ea71cc1a,2.5
ea735e2d,1.5
ea7c2867,3.0
ea95de7c,3.5
eac07dd0,3.5
eac9e436,5.5
eaed1826,4.0
eb5b8e69,3.0
eb5d1609,4.0
eb7992ef,3.0
eb968f4a,3.5
eba9ed17,3.0
ebd38edc,3.0
ebe17e7d,4.5
ebf6d57e,2.5
ec0efc3e,3.0
ec1bfe78,2.5
ec234dba,2.5
ec324099,4.0
ec339aeb,2.5
ec816a28,5.0
ec9a3e6d,3.5
ecafe4d8,3.0
ecb4af9f,3.0
ece37736,4.0
ed172a79,3.0
ed3202cf,4.5
ed51c841,3.5
ed8734dd,3.5
ed9933ce,2.0
edc6ce98,1.0
edd55568,4.5
ede8940b,5.5
ee11b25c,2.5
ee1a9853,5.0
ee2a0546,5.0
ee34c541,3.5
ee4a8e44,4.0
ee5110f5,3.5
ee5ecc19,4.0
ee73809c,2.0
ee80edbb,4.0
ee911fdc,4.5
eea1cab8,3.5
eed0ee0e,3.5
eed37e33,4.5
eed7c3f4,3.0
eeda6773,5.5
eef796e6,2.0
ef49c621,3.5
ef4bcc6b,4.0
ef57841d,4.0
ef5beee6,4.0
ef754fae,1.0
ef7c6ea1,5.5
efa94074,4.0
efaa8ea2,3.5
efad11bd,4.0
efb39280,4.0
f009c177,5.5
f01e26bb,5.5
f0209f34,4.0
f04670f7,4.0
f08f6465,1.0
f0c5c4f2,2.0
f0da0629,4.0
f0fb2654,4.0
f16080ce,2.5
f1731319,5.5
f17fa30e,5.5
f185661d,4.0
f19fb786,4.0
f1d5d6b9,1.5
f1f4cc46,3.5
f2021d46,3.5
f202bb11,5.5
f209bec2,2.0
f212d295,4.0
f22ce81b,4.0
f2399f11,3.5
f2597afd,4.0
f26e1dd2,1.0
f27ece1e,2.5
f28baf86,4.0
f28f6017,4.5
f292a107,4.0
f29f284a,1.5
f2c4d0bb,3.5
f2c7963f,3.0
f30d37f9,2.0
f31cd643,3.5
f359fc4a,5.5
f3778d8e,3.0
f38fcfd4,2.5
f3ad364f,5.5
f3b6b53e,5.5
f3e08757,5.0
f3e59808,4.0
f3f9174e,2.0
f3fb665a,2.5
f3fcf7ad,4.5
f4080033,4.5
f413c831,1.5
f418ed5f,5.5
f422aeed,3.0
f42b441c,3.0
f42b9e9f,5.0
f439e38d,5.5
f43db247,3.0
f44c5550,5.0
f44f11f1,4.5
f462f23c,3.5
f495bc5e,5.0
f5003d20,3.5
f518aa1d,4.5
f55c1c6b,2.0
f564c467,1.0
f56f5478,3.0
f57d7159,4.5
f58a6673,4.0
f599185c,3.5
f5a49c19,3.5
f5ae59e6,2.5
f5b04434,3.5
f5d14e2c,4.0
f5d8ccf9,4.0
f605d266,1.5
f606143f,5.5
f62fd7f3,5.0
f646700f,3.5
f64b2e1f,4.5
f64d14ff,4.5
f65551e4,4.0
f65da054,1.0
f686be9a,4.0
f68fab1a,3.5
f69a7e8b,4.0
f6ba36c4,5.0
f737aea7,3.5
f73a3078,3.5
f748f79f,4.5
f7551231,2.5
f772262b,2.0
f79335cf,4.0
f7a8641b,3.0
f7cf9bbf,3.5
f802dd9a,3.0
f82c8d7f,3.5
f8699abe,5.0
f875f75f,3.5
f888ab41,2.5
f8bed397,4.0
f8f00deb,3.5
f9511ff8,4.0
f95ee168,4.0
f9b99dd4,3.0
f9cf5bf0,4.5
f9d1846d,4.5
f9d3981d,4.0
f9eec00e,5.5
f9f9b53f,4.0
f9fd3268,6.0
fa1a67ba,2.5
fa34f270,3.5
fa489e99,6.0
fa6893a9,4.5
fa7a179f,3.5
faa72937,2.0
fadcab5b,4.5
fae5bded,3.5
fb2cb7e6,4.5
fb4902e4,4.0
fb53dda6,2.5
fb682f46,5.5
fb6c9c09,2.5
fb7849a6,3.5
fb9b8674,3.0
fc04d65c,3.5
fc0d73b1,3.0
fc564f46,2.0
fc76950f,5.5
fc95c51a,5.5
fca422ea,3.0
fcd51d95,4.0
fd1e6766,4.5
fd25a501,3.5
fd3ee9bb,4.0
fd565688,5.0
fd77c29e,3.5
fd802ea8,3.5
fd86ee30,5.0
fda155fa,4.5
fde20dd8,4.0
fdecb7b7,3.5
fe092635,4.5
fe2065cc,2.5
fe4b82ea,3.0
fe517d36,2.5
fe5f3bdb,3.5
fe746252,4.0
fe7cb4da,4.0
fea58520,3.5
fed10058,4.0
fedefb50,4.0
fee38d19,3.5
fef49516,2.5
ff25c55d,4.5
ff2f2711,3.0
ff387a10,3.5
ff5ac707,3.0
ff635a91,3.5
ff7f1779,4.5
ff90a677,4.0
ff9a11ae,3.5
ff9d1032,4.0
ffab2ba4,3.5
ffb8c745,3.5
ffbef7e5,4.0
ffccd6fd,1.5
ffec5b38,5.0
fff05981,4.0
